,City,Cloud Cover,Country,Humidity,Latitude,Longitude,Max Temperature,Wind Speed
0,vallenar,0,cl,56,-28.58,-70.76,293.928,1.46
1,rikitea,88,pf,100,-23.12,-134.97,298.653,6.36
2,port alfred,76,za,95,-33.59,26.89,291.953,3.81
3,ribera,0,it,74,37.5,13.27,282.578,3.01
4,ilheus,88,br,100,-14.79,-39.05,295.953,4.86
5,narsaq,20,gl,58,60.91,-46.05,255.853,1.06
6,visby,92,se,87,57.64,18.3,280.15,11.8
7,busselton,0,au,100,-33.64,115.35,287.828,7.26
8,butaritari,0,ki,100,3.07,172.79,302.803,3.01
9,kargopol,68,ru,85,61.51,38.95,266.103,8.16
10,magadi,40,in,100,12.96,77.22,292.15,3.6
11,hilo,1,us,54,19.71,-155.08,299.85,4.6
12,witu,1,ke,97,-2.39,40.44,296.15,1.36
13,ndele,0,cf,69,8.41,20.65,292.078,1.46
14,jamestown,76,sh,98,-15.94,-5.72,294.753,7.81
15,bredasdorp,0,za,82,-34.53,20.04,287.15,1.5
16,lavrentiya,68,ru,100,65.58,-170.99,267.403,13.61
17,ushuaia,75,ar,61,-54.81,-68.31,282.15,19.5
18,bluff,88,nz,90,-46.6,168.33,288.753,8.96
19,gainesville,20,us,88,29.65,-82.33,296.45,4.1
20,altay,0,cn,34,47.83,88.13,240.203,0.91
21,harper,0,lr,100,4.38,-7.71,301.328,4.11
22,tasiilaq,8,gl,52,65.61,-37.64,266.15,1.5
23,lagoa,0,pt,87,37.14,-8.45,285.15,1.0
24,yellowknife,75,ca,85,62.45,-114.38,263.15,5.1
25,severo-kurilsk,64,ru,100,50.68,156.12,271.503,3.11
26,carnarvon,0,au,82,-24.87,113.63,293.15,8.7
27,ribeira grande,20,pt,82,38.52,-28.7,291.15,3.6
28,cape town,20,za,82,-33.93,18.42,288.15,3.1
29,chuy,0,uy,60,-33.69,-53.46,296.653,3.51
30,albany,0,au,100,-35.02,117.88,285.15,1.5
31,port-gentil,20,ga,88,-0.72,8.78,299.15,0.5
32,luancheng,76,cn,72,37.88,114.65,265.15,1.41
33,hermanus,68,za,93,-34.42,19.24,286.478,1.51
34,punta arenas,75,cl,50,-53.16,-70.91,286.15,10.3
35,kapaa,90,us,59,22.08,-159.32,299.85,10.8
36,portage,75,us,69,41.58,-87.18,272.15,1.86
37,dikson,88,ru,100,73.51,80.55,263.178,12.46
38,hithadhoo,56,mv,100,-0.6,73.08,301.803,4.21
39,san patricio,20,mx,70,19.22,-104.7,304.15,5.1
40,morant bay,20,jm,58,17.88,-76.41,302.15,6.7
41,sambava,36,mg,100,-14.27,50.17,299.303,6.56
42,muyezerskiy,92,ru,79,63.93,31.65,270.928,3.56
43,longyearbyen,90,sj,85,78.22,15.64,269.15,4.1
44,geraldton,90,au,82,-28.77,114.6,292.15,7.7
45,sarangani,12,ph,96,5.4,125.46,301.828,6.01
46,linqiong,75,cn,86,30.42,103.46,278.15,2.0
47,port elizabeth,75,za,82,-33.92,25.57,290.15,3.6
48,bowen,90,au,94,-20.01,148.25,296.15,6.7
49,new norfolk,75,au,67,-42.78,147.06,288.15,3.1
50,khatanga,48,ru,82,71.98,102.47,252.728,1.51
51,quatre cocos,75,mu,88,-20.21,57.76,298.15,3.6
52,dzhebariki-khaya,76,ru,52,62.22,135.8,238.203,1.26
53,torbay,90,ca,92,47.66,-52.73,271.15,3.6
54,pitsunda,75,ge,81,43.16,40.34,279.15,4.0
55,changying,0,cn,55,52.87,123.32,248.703,2.96
56,concepcion,0,py,57,-23.41,-57.43,302.453,2.21
57,langxiang,48,cn,56,46.95,128.87,251.803,1.41
58,quartucciu,20,it,66,39.25,9.18,286.15,7.2
59,cabo san lucas,40,mx,64,22.89,-109.91,298.15,4.6
60,isangel,0,vu,100,-19.55,169.27,298.328,11.06
61,castro,40,cl,72,-42.48,-73.76,289.15,9.3
62,kodinsk,44,ru,41,58.6,99.18,240.478,1.11
63,baglung,0,np,92,28.27,83.59,275.853,0.91
64,margate,100,za,100,-30.86,30.37,293.253,5.21
65,arraial do cabo,75,br,56,-22.97,-42.02,295.15,4.6
66,la ronge,40,ca,85,55.1,-105.3,263.15,2.06
67,vaini,40,to,65,-21.2,-175.2,299.15,8.2
68,mar del plata,32,ar,24,-46.43,-67.52,302.753,8.36
69,kaitangata,76,nz,66,-46.28,169.85,291.003,7.81
70,saskylakh,48,ru,71,71.97,114.09,249.653,1.41
71,north bend,90,us,77,43.41,-124.22,287.05,1.5
72,hamilton,75,bm,68,32.3,-64.78,292.15,4.1
73,macherla,0,in,96,16.48,79.44,292.078,1.31
74,puerto ayora,20,ec,48,-0.74,-90.35,301.15,8.7
75,atuona,44,pf,100,-9.8,-139.03,300.453,8.41
76,mackay,90,au,88,-21.15,149.2,298.15,6.7
77,bangassou,24,cf,75,4.74,22.82,296.503,0.86
78,fort nelson,75,ca,78,58.81,-122.69,261.15,1.06
79,serafimovich,64,ru,92,49.58,42.73,266.503,2.51
80,talaya,0,ru,84,55.79,84.89,257.15,3.0
81,kupino,0,ru,67,54.36,77.31,247.328,1.26
82,uruzgan,0,af,60,32.93,66.63,260.978,0.76
83,roebourne,24,au,18,-20.77,117.15,303.853,5.21
84,thunder bay,75,ca,53,48.41,-89.26,270.15,2.1
85,ostersund,92,se,92,63.18,14.64,271.15,4.6
86,viedma,56,ar,52,-40.81,-62.99,299.328,7.46
87,charlottesville,1,us,69,38.03,-78.48,274.65,1.16
88,bardiyah,12,ly,100,31.76,25.09,288.428,3.86
89,taft,0,ir,42,31.75,54.22,280.15,2.1
90,tual,12,id,100,-5.67,132.75,302.728,4.41
91,ponta do sol,20,cv,83,17.2,-25.09,296.15,5.1
92,joshimath,0,in,100,30.57,79.57,254.603,0.46
93,constitucion,40,mx,22,23.99,-104.67,294.15,6.7
94,sawakin,0,sd,100,19.1,37.33,292.303,3.56
95,thompson,90,ca,85,55.74,-97.86,262.15,2.1
96,rawson,68,ar,15,-43.3,-65.11,307.553,7.31
97,hofn,32,is,100,64.25,-15.21,274.253,8.16
98,oksbol,92,dk,81,55.63,8.29,281.15,7.2
99,mateare,40,ni,94,12.24,-86.43,298.15,2.1
100,tuktoyaktuk,90,ca,92,69.44,-133.03,259.15,8.7
101,qasigiannguit,0,gl,66,68.82,-51.19,262.15,3.1
102,seoul,0,kr,47,37.57,126.98,264.15,1.5
103,mehamn,8,no,100,71.03,27.85,260.828,1.96
104,kodiak,1,us,60,39.95,-94.76,274.25,4.1
105,vanimo,76,pg,100,-2.67,141.3,300.828,5.56
106,lebu,44,cl,99,-37.62,-73.65,287.603,7.16
107,east london,92,za,100,-33.02,27.91,293.228,4.11
108,tromso,0,no,92,69.65,18.96,263.15,3.1
109,eyl,44,so,100,7.98,49.82,297.928,6.56
110,acapulco,5,mx,70,16.86,-99.88,303.15,2.6
111,kahului,40,us,60,20.89,-156.47,300.95,9.3
112,saint-philippe,0,re,53,-21.36,55.77,299.15,1.5
113,bethel,90,us,95,60.79,-161.76,269.25,3.6
114,tarasovskiy,76,ru,93,48.73,40.36,268.678,2.51
115,bilibino,56,ru,76,68.06,166.44,233.953,1.06
116,nuuk,75,gl,79,64.17,-51.74,266.15,3.6
117,sena madureira,92,br,99,-9.07,-68.66,297.178,1.11
118,walvis bay,0,na,87,-22.95,14.51,288.15,2.6
119,eureka,90,us,60,40.8,-124.16,290.95,5.7
120,georgetown,64,sh,100,-7.93,-14.42,298.703,6.71
121,los llanos de aridane,20,es,68,28.66,-17.92,293.15,3.6
122,sechura,0,pe,71,-5.56,-80.82,297.603,5.81
123,esperance,8,au,82,-33.86,121.89,288.15,3.6
124,puerto escondido,20,mx,66,15.86,-97.07,303.15,5.1
125,barrow,1,us,70,39.51,-90.4,271.45,4.6
126,hami,20,cn,47,42.84,93.51,253.653,0.96
127,ekibastuz,0,kz,63,51.72,75.32,251.003,3.46
128,mount gambier,40,au,77,-37.83,140.78,289.15,6.2
129,kruisfontein,8,za,92,-34.0,24.73,289.453,4.31
130,ilulissat,0,gl,66,69.22,-51.1,262.15,3.1
131,monster,75,nl,81,52.03,4.17,285.15,9.3
132,cherskiy,56,ru,87,68.75,161.3,240.078,1.41
133,aleksandrov gay,92,ru,97,50.14,48.57,269.728,2.06
134,hobart,75,au,67,-42.88,147.33,288.15,3.1
135,fairbanks,90,us,94,64.84,-147.72,265.95,2.41
136,eskisehir,0,tr,77,39.78,30.52,273.15,3.6
137,port blair,80,in,100,11.67,92.75,300.228,5.11
138,merrill,1,us,70,42.03,-121.6,279.25,1.61
139,hope,90,us,96,33.67,-93.59,276.45,4.1
140,botngard,75,no,100,63.77,9.81,274.15,3.1
141,birao,0,cf,35,10.3,22.78,293.228,3.76
142,tabas,0,ir,42,33.6,56.92,282.15,2.1
143,cayenne,40,gf,78,4.94,-52.33,299.15,1.5
144,college,90,us,94,64.86,-147.8,266.45,2.41
145,bathsheba,75,bb,83,13.22,-59.52,298.15,5.7
146,bar harbor,1,us,48,44.39,-68.2,264.25,2.1
147,teguldet,76,ru,66,57.31,88.17,250.603,1.16
148,fare,68,pf,100,-16.7,-151.02,297.853,8.01
149,nizhniy odes,48,ru,95,63.64,54.86,264.078,1.76
150,longyan,92,cn,90,25.1,117.03,281.203,1.11
151,slawno,40,pl,100,52.84,16.56,278.15,5.1
152,talnakh,80,ru,75,69.49,88.39,253.503,7.46
153,coquimbo,0,cl,72,-29.95,-71.34,292.15,6.2
154,ust-ishim,20,ru,71,57.69,71.17,254.478,2.76
155,cap malheureux,75,mu,88,-19.98,57.61,298.15,3.6
156,vardo,36,no,100,70.37,31.11,272.328,7.26
157,poum,56,nc,100,-20.23,164.02,298.953,9.96
158,yumen,0,cn,47,40.29,97.04,248.903,0.71
159,la libertad,20,sv,62,13.49,-89.32,303.15,2.6
160,haines junction,64,ca,77,60.75,-137.51,273.828,2.96
161,bonthe,0,sl,64,7.53,-12.5,301.353,1.96
162,bambous virieux,75,mu,88,-20.34,57.76,298.15,3.6
163,pangnirtung,8,ca,73,66.15,-65.72,246.178,1.16
164,hovd,0,mn,33,48.01,91.64,241.053,0.41
165,carutapera,64,br,80,-1.2,-46.02,300.728,3.66
166,yuanping,48,cn,65,38.72,112.71,253.703,0.76
167,marienburg,20,sr,69,5.88,-55.04,300.15,3.1
168,huarmey,32,pe,54,-10.07,-78.15,297.178,2.06
169,deputatskiy,36,ru,62,69.3,139.9,235.928,1.61
170,bonnyville,20,ca,67,54.27,-110.74,265.15,1.5
171,macae,90,br,88,-22.37,-41.79,295.15,2.1
172,pisco,75,pe,30,-13.71,-76.2,295.15,8.2
173,ust-nera,8,ru,61,64.57,143.24,235.303,0.91
174,dingle,92,ie,94,52.14,-10.27,283.903,18.36
175,gorakhpur,0,in,88,26.76,83.37,282.828,1.41
176,beringovskiy,20,ru,100,63.05,179.32,254.803,8.06
177,rapid valley,1,us,51,44.06,-103.15,274.85,6.2
178,vestmannaeyjar,92,is,100,63.44,-20.27,273.678,2.91
179,qandala,12,so,100,11.47,49.87,291.303,1.16
180,quang ngai,92,vn,99,15.12,108.8,293.178,0.96
181,sao joao da barra,48,br,100,-21.64,-41.05,295.978,8.96
182,laviana,75,es,67,43.23,-5.53,290.15,5.7
183,katsuura,75,jp,69,33.93,134.5,278.15,5.7
184,richards bay,92,za,100,-28.77,32.06,293.228,4.61
185,tiksi,36,ru,74,71.64,128.87,234.653,1.36
186,segovia,20,co,47,7.08,-74.7,302.103,1.11
187,mulki,36,in,83,13.1,74.8,298.15,1.26
188,balikpapan,40,id,94,-1.24,116.86,298.15,1.5
189,saldanha,12,za,91,-33.01,17.94,289.078,4.91
190,qaanaaq,36,gl,100,77.48,-69.36,253.753,4.01
191,makakilo city,40,us,94,21.35,-158.09,298.75,5.1
192,hervey bay,75,au,69,-25.3,152.85,298.15,8.2
193,manokwari,88,id,100,-0.87,134.08,298.828,2.41
194,northam,0,au,67,-31.65,116.67,290.15,4.1
195,polican,92,al,93,40.61,20.1,280.753,1.06
196,nikolskoye,90,ru,92,59.7,30.79,271.15,6.0
197,tautira,40,pf,70,-17.73,-149.15,303.15,7.7
198,togur,36,ru,84,58.36,82.83,259.828,2.76
199,udachnyy,0,ru,64,66.42,112.4,242.803,1.11
200,victoria,40,sc,88,-4.62,55.45,300.15,1.0
201,kulhudhuffushi,20,mv,100,6.62,73.07,301.903,1.16
202,westerland,92,de,93,54.91,8.3,281.203,12.56
203,komsomolskiy,76,ru,84,67.55,63.78,262.403,4.36
204,aire-sur-la-lys,75,fr,81,50.64,2.4,285.15,9.8
205,sioux lookout,40,ca,73,50.1,-91.92,267.15,4.6
206,rivera,0,uy,35,-30.9,-55.54,298.303,4.81
207,winchester,1,us,79,43.28,-123.35,283.15,1.31
208,faanui,88,pf,100,-16.48,-151.75,299.253,6.56
209,alekseyevsk,44,ru,62,57.84,108.35,243.153,1.16
210,sao filipe,0,cv,95,14.9,-24.5,297.428,5.56
211,ijui,0,br,30,-28.39,-53.91,299.678,3.66
212,tiarei,40,pf,70,-17.53,-149.33,303.15,7.7
213,alofi,92,nu,88,-19.06,-169.92,299.15,5.1
214,sembakung,75,id,94,3.82,117.25,298.15,0.5
215,sawai madhopur,0,in,81,26.02,76.35,284.203,1.41
216,tuatapere,64,nz,77,-46.13,167.69,290.753,6.56
217,alamor,75,ec,73,-4.02,-80.02,305.15,2.6
218,dunedin,88,nz,79,-45.87,170.5,291.178,1.06
219,whitianga,0,nz,94,-36.83,175.7,291.928,5.21
220,mahebourg,75,mu,88,-20.41,57.7,298.15,3.6
221,yulara,12,au,35,-25.24,130.99,303.15,4.6
222,kavieng,88,pg,100,-2.57,150.8,302.978,2.66
223,leningradskiy,8,ru,85,69.38,178.42,255.603,6.26
224,astana,0,kz,70,51.13,71.43,255.15,4.0
225,kavaratti,0,in,100,10.57,72.64,302.228,3.81
226,upernavik,68,gl,100,72.79,-56.15,260.053,4.11
227,la palma,48,pa,79,8.4,-78.14,302.503,1.21
228,sumbe,92,ao,100,-11.2,13.84,297.428,1.01
229,husavik,48,is,100,66.04,-17.34,267.953,1.66
230,avarua,75,ck,79,-21.21,-159.78,302.15,4.6
231,bodden town,20,ky,70,19.28,-81.25,302.15,4.6
232,ambovombe,0,mg,87,-25.18,46.09,296.903,2.66
233,kasongo-lunda,92,cd,94,-6.48,16.82,293.728,1.06
234,manaquiri,40,br,94,-3.43,-60.46,300.15,1.0
235,raudeberg,92,no,75,61.99,5.14,278.15,6.7
236,aykhal,24,ru,60,65.95,111.51,243.428,1.21
237,kifri,92,iq,99,34.69,44.96,283.828,3.76
238,opole lubelskie,0,pl,93,51.15,21.97,275.15,4.1
239,saint george,75,bm,68,32.38,-64.68,292.15,4.1
240,senneterre,75,ca,84,48.39,-77.24,260.15,1.5
241,havelock,90,us,85,34.88,-76.9,280.95,2.1
242,mezhdurechensk,48,ru,76,53.69,88.07,253.078,1.41
243,namibe,0,ao,100,-15.19,12.15,294.728,3.41
244,riverton,56,nz,68,-46.35,168.02,293.678,6.56
245,port augusta,0,au,77,-32.49,137.76,294.15,7.2
246,sabang,0,id,100,1.17,120.82,300.503,0.76
247,mocoa,92,co,96,1.15,-76.65,288.353,0.31
248,shubarshi,68,kz,80,48.59,57.19,262.003,1.41
249,vila velha,20,br,78,-3.71,-38.6,301.15,4.1
250,carira,48,br,64,-10.36,-37.7,301.228,3.41
251,tura,36,ru,65,64.27,100.22,242.728,1.01
252,farah,32,af,92,32.37,62.11,278.753,1.31
253,bashmakovo,88,ru,89,53.21,43.04,266.753,2.11
254,lerdo,12,mx,87,18.63,-95.52,299.803,1.86
255,bella union,0,uy,45,-30.28,-57.6,299.728,4.36
256,henties bay,0,na,98,-22.12,14.28,288.853,4.56
257,long branch,1,us,68,37.88,-88.58,271.15,6.2
258,opuwo,0,na,35,-18.06,13.84,290.328,2.41
259,nanortalik,44,gl,90,60.14,-45.24,270.003,4.11
260,anadyr,40,ru,69,64.73,177.51,249.15,6.0
261,hualmay,44,pe,71,-11.1,-77.61,294.978,2.66
262,noumea,75,nc,44,-22.28,166.46,300.15,3.1
263,labuhan,92,id,97,-2.54,115.51,295.928,0.51
264,yibin,92,cn,99,28.77,104.64,276.153,1.81
265,norman wells,40,ca,92,65.28,-126.83,259.15,1.0
266,shuangcheng,0,cn,70,45.37,126.3,252.15,3.0
267,galveston,1,us,74,40.58,-86.19,270.15,2.6
268,georgiyevka,40,kz,95,43.04,74.71,273.15,3.0
269,buraydah,20,sa,77,26.33,43.97,290.15,3.1
270,chara,0,ru,62,56.9,118.26,234.903,0.61
271,luderitz,0,na,77,-26.65,15.16,288.603,8.46
272,vila franca do campo,20,pt,59,37.72,-25.43,291.15,4.6
273,bafq,0,ir,70,31.6,55.4,273.228,0.91
274,boden,88,se,100,65.83,21.69,272.15,2.1
275,porangatu,12,br,89,-13.44,-49.14,299.353,1.41
276,maiduguri,0,ng,42,11.84,13.15,290.303,3.46
277,naron,90,es,87,43.52,-8.15,286.15,7.7
278,ornes,88,no,100,61.3,7.32,270.303,0.56
279,forbes,0,au,49,-33.38,148.01,297.478,2.46
280,ambagarh chauki,20,in,80,20.78,80.75,289.603,1.61
281,roseburg,1,us,79,43.22,-123.34,283.15,1.31
282,keuruu,90,fi,90,62.26,24.71,273.15,4.6
283,caravelas,92,br,100,-17.73,-39.27,296.503,8.56
284,chicama,20,pe,83,-7.84,-79.15,294.15,4.1
285,ashland,1,us,68,38.48,-82.64,272.05,2.1
286,iqaluit,40,ca,75,63.75,-68.52,248.15,3.1
287,amapa,48,br,86,-1.83,-56.23,299.403,1.21
288,ratnagiri,20,in,100,16.98,73.3,299.978,5.01
289,rudnichnyy,32,ru,80,59.7,60.29,266.103,2.16
290,port hardy,75,ca,81,50.7,-127.42,279.15,11.3
291,paracuru,20,br,78,-3.41,-39.03,301.15,4.1
292,muros,90,es,93,42.77,-9.06,284.15,2.1
293,hasaki,75,jp,65,35.73,140.83,278.15,3.6
294,bendigo,92,au,91,-36.76,144.28,293.053,2.21
295,clyde river,1,ca,67,70.47,-68.59,243.15,2.1
296,abu kamal,36,sy,89,34.45,40.92,282.303,2.41
297,claveria,56,ph,100,8.61,124.89,293.153,1.61
298,zeya,32,ru,31,53.74,127.27,243.003,1.31
299,okhotsk,32,ru,100,59.36,143.24,261.353,2.96
300,lhokseumawe,64,id,100,5.18,97.15,300.478,2.41
301,hamina,90,fi,100,60.57,27.2,274.15,5.1
302,tomari,56,ru,100,47.76,142.06,262.253,5.51
303,chokurdakh,12,ru,57,70.62,147.9,237.403,1.36
304,ust-tsilma,68,ru,79,65.44,52.15,265.803,2.86
305,taiyuan,0,cn,37,37.86,112.56,265.15,1.0
306,punta cardon,0,ve,59,11.61,-70.22,302.753,9.16
307,cidreira,0,br,60,-30.17,-50.22,293.653,5.21
308,labytnangi,80,ru,73,66.66,66.39,262.428,1.31
309,elk grove,1,us,58,38.41,-121.37,289.25,2.6
310,dali,0,cn,100,25.6,100.24,277.053,1.66
311,kirakira,12,sb,100,-10.46,161.92,302.428,2.11
312,villa maria,12,ar,33,-32.41,-63.24,301.903,8.91
313,guerrero negro,0,mx,67,27.97,-114.04,294.503,2.56
314,mecca,0,sa,85,21.43,39.83,286.103,1.76
315,vilcun,0,cl,59,-38.65,-72.23,292.15,3.1
316,turukhansk,88,ru,76,65.8,87.96,253.578,8.61
317,ahome,5,mx,53,25.92,-109.18,296.15,8.2
318,itarema,36,br,81,-2.92,-39.92,300.203,2.91
319,bima,36,id,100,-8.45,118.73,296.928,1.31
320,nilanga,76,in,73,18.12,76.75,296.478,2.56
321,moose factory,90,ca,78,51.26,-80.61,262.15,3.1
322,karera,0,in,74,25.46,78.13,284.178,1.31
323,san andres,20,co,70,8.22,-76.58,303.15,2.1
324,ayagoz,0,kz,68,47.96,80.43,260.153,6.56
325,yerbogachen,56,ru,66,61.28,108.01,247.078,1.21
326,darnah,92,ly,100,32.77,22.64,291.953,6.56
327,yangambi,76,cd,95,0.77,24.47,296.653,1.66
328,dodola,36,et,99,6.98,39.18,281.828,1.31
329,luau,44,ao,83,-10.71,22.22,295.603,1.96
330,saint-pierre,75,pm,100,46.77,-56.17,272.15,9.3
331,port lincoln,36,au,96,-34.72,135.86,289.728,5.31
332,shumskiy,12,ru,69,54.83,99.13,246.003,0.86
333,gillette,1,us,49,44.29,-105.5,275.95,4.6
334,nichinan,75,jp,56,31.65,131.31,279.15,2.6
335,nouakchott,0,mr,15,18.08,-15.98,296.15,4.1
336,seabra,32,br,93,-12.42,-41.77,294.653,0.66
337,floro,80,no,75,61.6,5.03,278.15,6.7
338,libertador general san martin,88,ar,75,-23.81,-64.79,295.428,1.61
339,warri,12,ng,80,5.52,5.75,298.953,2.16
340,mazamari,92,pe,96,-11.33,-74.53,292.753,0.96
341,sitka,0,us,49,37.17,-99.65,276.678,2.06
342,tateyama,75,jp,100,36.66,137.31,274.15,1.0
343,portland,0,au,87,-33.35,149.98,293.203,1.21
344,dongfeng,0,cn,58,42.67,125.53,251.678,3.31
345,ola,0,ru,100,59.58,151.3,257.853,4.31
346,half moon bay,1,us,55,37.46,-122.43,290.15,2.1
347,guarapari,92,br,100,-20.67,-40.5,295.253,8.86
348,cerqueira cesar,0,br,46,-23.04,-49.17,296.453,5.56
349,ambilobe,20,mg,90,-13.19,49.05,295.103,3.26
350,harsin,75,ir,81,34.27,47.59,280.15,2.1
351,owensboro,1,us,63,37.77,-87.11,272.55,5.7
352,santa lucia,20,es,88,27.91,-15.54,291.15,5.1
353,pedro ii,64,br,91,-4.43,-41.45,298.228,1.66
354,kilosa,68,tz,96,-6.84,36.99,295.078,1.31
355,puerto quijarro,0,bo,58,-19.0,-57.72,304.15,1.5
356,iquique,40,cl,64,-20.22,-70.14,294.15,10.3
357,oeiras do para,64,br,87,-2.0,-49.85,300.553,2.41
358,la cruz,75,co,88,1.6,-76.97,291.15,0.31
359,maracacume,88,br,79,-2.04,-45.96,300.403,2.76
360,konya,8,tr,92,37.87,32.48,271.15,1.11
361,ketchikan,90,us,67,55.34,-131.65,282.05,12.9
362,itacare,76,br,94,-14.28,-39.0,298.903,1.76
363,zhirnovsk,80,ru,93,50.98,44.78,268.978,2.31
364,bilma,0,ne,49,18.69,12.92,285.003,2.96
365,rock sound,92,bs,100,24.9,-76.2,297.478,8.41
366,sulangan,76,ph,100,11.14,123.72,300.653,8.56
367,vostok,32,ru,62,46.45,135.83,250.478,2.66
368,salalah,0,om,53,17.01,54.1,296.15,1.5
369,fortuna,40,us,63,40.6,-124.16,290.95,6.2
370,hohoe,8,gh,70,7.15,0.48,296.578,0.41
371,dalvik,36,is,100,65.97,-18.53,265.153,1.06
372,touros,80,br,90,-5.2,-35.46,299.667,2.82
373,saint-augustin,90,ca,78,45.63,-73.98,264.15,2.1
374,coahuayana,12,mx,51,18.62,-100.35,297.942,0.97
375,ruston,90,us,93,32.52,-92.64,280.95,4.1
376,bahia blanca,24,ar,41,-38.72,-62.27,303.203,8.26
377,hobyo,92,so,83,5.35,48.53,298.942,6.22
378,pinar del rio,68,cu,80,22.42,-83.7,298.867,2.62
379,mandalgovi,0,mn,58,45.76,106.27,242.517,2.22
380,zhezkazgan,32,kz,74,47.8,67.71,258.267,4.82
381,amurzet,12,ru,65,47.7,131.1,250.417,2.22
382,chokwe,92,mz,100,-24.53,32.98,295.442,2.62
383,peniche,0,pt,87,39.36,-9.38,284.15,3.1
384,juneau,90,us,76,58.3,-134.42,280.95,6.7
385,nome,90,us,86,30.04,-94.42,282.65,5.1
386,sembe,20,cg,97,1.65,14.58,293.867,1.27
387,chikwawa,92,mw,94,-16.03,34.79,295.317,1.42
388,berlevag,0,no,100,70.86,29.09,259.117,2.12
389,soe,8,id,83,-9.86,124.28,298.867,0.87
390,mazagao,20,br,78,-0.12,-51.29,301.15,3.1
391,provideniya,32,ru,100,64.42,-173.23,266.478,7.96
392,provins,92,fr,87,48.56,3.3,284.15,9.3
393,nosy varika,48,mg,100,-20.58,48.53,296.467,2.42
394,mezen,92,ru,73,65.85,44.24,268.267,4.12
395,oranjestad,20,aw,69,12.52,-70.03,301.15,8.7
396,russkaya polyana,0,ru,76,53.78,73.88,253.703,4.46
397,san policarpo,24,ph,99,12.18,125.51,299.692,5.22
398,meadow lake,20,ca,67,54.13,-108.44,266.15,4.1
399,hokitika,88,nz,99,-42.72,170.96,288.392,3.42
400,vuktyl,68,ru,88,63.86,57.31,265.017,1.22
401,belmonte,0,br,71,-26.84,-53.58,290.942,2.22
402,arrifes,20,pt,59,37.77,-25.7,291.15,4.6
403,zorritos,75,pe,33,-3.68,-80.68,305.15,2.6
404,fez,0,ma,81,34.03,-5.02,281.15,3.1
405,houston,20,ca,63,54.4,-126.65,270.15,2.1
406,kununurra,0,au,74,-15.77,128.74,302.15,2.1
407,huilong,92,cn,94,31.15,106.5,275.142,1.72
408,kondoa,44,tz,95,-4.91,35.78,289.442,1.32
409,camopi,92,gf,96,3.17,-52.33,296.442,1.17
410,caxito,75,ao,88,-8.58,13.66,298.15,1.5
411,catuday,0,ph,95,16.29,119.81,299.867,2.42
412,belaya gora,56,ru,60,68.54,146.19,236.953,1.66
413,riyadh,0,sa,48,24.63,46.72,291.15,4.1
414,souillac,75,mu,88,-20.52,57.52,298.15,3.6
415,debre tabor,0,et,76,11.86,38.01,285.017,1.67
416,baiao,68,br,91,-2.79,-49.67,298.942,1.07
417,makokou,92,ga,97,0.56,12.85,294.317,0.97
418,dori,0,bf,56,14.03,-0.03,287.392,1.32
419,orlik,36,ru,80,52.51,99.83,242.642,0.87
420,aksarka,80,ru,90,66.56,67.8,264.217,1.62
421,araouane,0,ml,37,18.9,-3.53,285.017,2.32
422,kohlu,12,pk,92,29.9,69.25,276.817,1.42
423,prince rupert,90,ca,66,54.32,-130.32,282.15,6.7
424,marrakesh,0,ma,67,31.63,-7.99,287.15,0.97
425,jand,32,pk,85,33.43,72.02,278.642,1.17
426,ambulu,88,id,100,-8.35,113.61,298.267,1.37
427,sao felix do xingu,32,br,94,-6.64,-51.99,297.317,1.02
428,tabou,0,ci,100,4.42,-7.36,301.417,3.87
429,trairi,32,br,98,-3.28,-39.27,301.017,4.67
430,ruwi,0,om,73,23.6,58.55,296.15,2.6
431,qaqortoq,48,gl,91,60.72,-46.03,269.967,2.42
432,shenjiamen,92,cn,100,29.96,122.3,284.767,8.22
433,misratah,64,ly,100,32.38,15.09,289.403,5.26
434,christchurch,44,nz,60,-43.53,172.64,294.15,3.1
435,batagay-alyta,24,ru,0,67.8,130.41,236.367,0.72
436,tocache,92,pe,96,-8.19,-76.51,287.967,0.57
437,broken hill,0,au,32,-31.97,141.45,302.15,6.2
438,port shepstone,92,za,100,-30.74,30.45,293.542,5.12
439,villa rica,36,co,100,3.18,-76.46,285.542,0.87
440,kloulklubed,90,pw,94,7.04,134.26,298.15,1.5
441,kokstad,92,za,96,-30.55,29.42,285.867,1.22
442,taos,40,us,50,36.41,-105.57,279.25,2.1
443,thaton,0,mm,100,16.91,97.37,297.942,1.87
444,kilindoni,92,tz,100,-7.91,39.67,301.392,2.97
445,san ramon,75,bo,74,-13.27,-64.62,301.15,1.92
446,bagdarin,0,ru,41,54.44,113.59,239.142,1.77
447,golden,75,ca,56,51.3,-116.96,264.15,2.1
448,xining,0,cn,57,36.62,101.77,256.517,1.92
449,jaen,76,pe,84,-5.71,-78.81,291.642,0.82
450,rognan,0,no,100,67.1,15.4,273.15,5.1
451,staryy nadym,92,ru,88,65.61,72.68,265.892,3.87
452,brewster,1,us,38,41.76,-70.08,271.45,1.5
453,okoneshnikovo,0,ru,51,54.84,75.08,250.317,3.17
454,lenexa,1,us,58,38.95,-94.73,275.95,5.7
455,roma,12,au,72,-26.57,148.79,292.803,4.21
456,ancud,40,cl,72,-41.87,-73.83,289.15,9.3
457,kropotkin,0,ru,79,45.43,40.58,268.542,1.42
458,mana,76,gf,79,5.67,-53.78,298.267,1.67
459,gamba,100,ga,100,-2.72,10.02,298.267,1.42
460,paita,0,pe,290,-5.09,-81.11,290.15,4.6
461,bonavista,80,ca,100,48.65,-53.11,270.967,2.22
462,otradnoye,90,ru,92,59.77,30.8,271.15,6.0
463,tevaitoa,44,pf,100,-16.78,-151.5,299.392,6.72
464,moerai,32,pf,100,-22.43,-151.33,298.692,3.87
465,nanning,90,cn,93,22.83,108.3,282.15,2.0
466,wajir,0,ke,95,1.75,40.07,295.267,3.12
467,taoudenni,0,ml,40,22.68,-3.98,287.192,5.12
468,wewak,8,pg,75,-3.55,143.63,303.292,1.82
469,beloha,0,mg,92,-25.17,45.06,294.692,2.22
470,rio das ostras,90,br,88,-22.53,-41.95,295.15,2.1
471,linxia,0,cn,52,35.6,103.21,254.267,0.87
472,putina,75,pe,41,-14.91,-69.87,288.15,4.1
473,wladyslawowo,90,pl,81,54.79,18.4,279.15,7.2
474,empalme,5,mx,41,27.96,-110.81,299.15,5.1
475,basco,80,ph,100,20.45,121.97,298.542,9.62
476,marsaxlokk,20,mt,62,35.84,14.54,288.15,7.7
477,bhuban,0,in,87,20.88,85.83,284.317,1.22
478,pevek,8,ru,100,69.7,170.27,251.717,4.42
479,ucluelet,90,ca,93,48.94,-125.55,281.15,3.1
480,nyuksenitsa,76,ru,87,60.41,44.24,265.217,4.37
481,jiwani,0,pk,90,25.05,61.74,294.828,4.21
482,lokosovo,88,ru,81,61.13,74.84,264.792,4.52
483,majene,12,id,95,-3.54,118.97,302.042,2.07
484,muhos,92,fi,100,64.81,26.0,271.15,6.7
485,shimoda,36,jp,100,34.7,138.93,285.117,2.37
486,kungsbacka,90,se,100,57.49,12.08,278.15,9.8
487,teya,80,ru,79,60.37,92.63,245.117,1.17
488,chulym,32,ru,65,55.09,80.97,255.542,1.32
489,kirkenes,75,no,92,69.73,30.05,267.15,2.1
490,alice,0,za,93,-32.79,26.83,283.667,1.22
491,lubyany,90,ru,86,56.04,51.4,270.15,3.0
492,salantai,92,lt,87,56.06,21.57,280.15,9.3
493,srednekolymsk,48,ru,65,67.46,153.71,236.067,1.32
494,baykit,44,ru,61,61.68,96.39,243.267,1.27
495,bellevue,90,us,58,47.61,-122.19,282.05,1.5
496,kurmanayevka,92,ru,94,52.51,52.07,267.942,3.02
497,mkushi,36,zm,89,-13.61,29.4,291.642,1.52
498,chapais,75,ca,83,49.78,-74.86,252.15,1.0
499,orocue,76,co,35,4.79,-71.34,305.792,4.72
500,jinxiang,56,cn,75,35.07,116.31,265.117,1.32
501,alice springs,0,au,22,-23.7,133.88,304.15,1.5
502,graneros,40,cl,33,-34.06,-70.73,297.15,4.1
503,luanda,75,ao,88,-8.83,13.24,298.15,1.5
504,quelimane,40,mz,83,-17.88,36.89,301.15,3.6
505,vao,8,nc,100,-22.67,167.48,297.267,10.42
506,russell,0,nz,36,-35.26,174.12,298.367,7.12
507,moelv,80,no,94,60.93,10.7,267.042,1.07
508,nizhniy tsasuchey,0,ru,30,50.52,115.13,243.267,1.42
509,imeni babushkina,20,ru,91,59.76,43.13,263.767,3.82
510,antofagasta,20,cl,72,-23.65,-70.4,291.15,6.7
511,kvitok,36,ru,59,56.08,98.48,248.392,1.62
512,alihe,0,cn,66,50.57,123.73,246.717,2.52
513,beyneu,8,kz,69,45.32,55.19,259.692,1.32
514,bandarbeyla,92,so,100,9.49,50.81,298.867,6.17
515,bitung,40,id,100,1.44,125.19,297.15,1.0
516,hay river,75,ca,79,60.82,-115.79,269.15,4.1
517,horodnytsya,80,ua,97,50.81,27.32,274.767,3.67
518,shache,68,cn,79,38.42,77.24,261.717,1.02
519,maragogi,32,br,75,-9.01,-35.22,300.828,5.36
520,queimadas,0,br,58,-7.36,-35.9,302.15,7.7
521,igrim,68,ru,89,63.19,64.42,265.042,1.72
522,zhuhai,0,cn,49,40.71,112.04,255.15,2.0
523,toksovo,90,ru,92,60.16,30.53,271.15,6.0
524,balkhash,48,kz,100,46.84,74.98,262.367,7.07
525,ahipara,0,nz,64,-35.17,173.16,294.192,6.92
526,dicabisagan,88,ph,100,17.08,122.42,296.453,4.01
527,lasem,20,id,88,-6.99,112.52,299.15,1.5
528,hajiganj,0,bd,93,23.25,90.85,286.967,2.32
529,klaksvik,44,fo,74,62.23,-6.59,276.15,3.1
530,cardoso,0,br,46,-20.08,-49.91,297.692,4.42
531,ouadda,32,cf,69,8.07,22.4,290.292,1.52
532,ponta delgada,20,pt,59,37.73,-25.67,291.15,4.6
533,cururupu,32,br,90,-1.82,-44.87,298.517,2.32
534,tumen,0,cn,46,42.97,129.84,256.792,3.32
535,salekhard,32,ru,65,66.54,66.62,260.217,1.47
536,ormara,0,pk,98,25.21,64.64,294.917,3.12
537,axim,0,gh,100,4.87,-2.24,301.117,4.22
538,kangaatsiaq,8,gl,100,68.31,-53.46,260.867,1.67
539,aguimes,20,es,88,27.91,-15.45,291.15,5.1
540,mairana,88,bo,88,-18.12,-63.96,289.642,1.27
541,mamaku,0,nz,58,-38.1,176.07,297.017,1.87
542,lakes entrance,88,au,95,-37.88,147.99,292.192,0.87
543,gisborne,0,nz,63,-38.66,178.02,294.817,1.97
544,cavalcante,20,br,94,-13.79,-47.46,293.392,1.17
545,shahr-e babak,0,ir,71,30.12,55.12,271.978,1.61
546,naze,75,jp,87,28.37,129.48,288.15,8.2
547,namatanai,68,pg,96,-3.66,152.44,302.817,1.97
548,warrensburg,1,us,64,38.76,-93.74,275.15,3.6
549,shelburne,90,ca,73,44.08,-80.2,272.15,3.6
550,astoria,90,us,82,46.19,-123.83,282.05,3.6
